id,city_id,type_id,total_area,rooms,ceiling_height,floors_total,living_area,floor,is_apartment,open_plan,kitchen_area,balcony,airports_nearest,parks_around3000,ponds_around3000
0,6X8I,F8EM,108.0,3,2.7,16.0,51.0,8,0,0,25.0,,18863.0,1.0,2.0
1,FMVZ,IZIQ,40.4,1,,11.0,18.6,1,0,0,11.0,2.0,12817.0,0.0,0.0
2,6X8I,F8EM,56.0,2,,5.0,34.3,4,0,0,8.3,0.0,21741.0,1.0,2.0
3,6X8I,F8EM,159.0,3,,14.0,,9,0,0,,0.0,28098.0,2.0,3.0
4,6X8I,F8EM,100.0,2,3.03,14.0,32.0,13,0,0,41.0,,31856.0,2.0,1.0
5,IVEB,LVBX,30.4,1,,12.0,14.4,5,0,0,9.1,,,,
6,4T1U,IZIQ,37.3,1,,26.0,10.6,6,0,0,14.4,1.0,52996.0,0.0,0.0
7,6X8I,F8EM,71.6,2,,24.0,,22,0,0,18.9,2.0,23982.0,0.0,0.0
8,187Y,IZIQ,33.16,1,,27.0,15.43,26,0,0,8.81,,,,
9,6X8I,F8EM,61.0,3,2.5,9.0,43.6,7,0,0,6.5,2.0,50898.0,0.0,0.0
10,6X8I,F8EM,39.6,1,2.67,12.0,20.3,3,0,0,8.5,,38357.0,1.0,2.0
11,3I7C,F8EM,44.0,2,,5.0,31.0,4,0,0,6.0,1.0,48252.0,0.0,0.0
12,3SXT,F8EM,54.0,2,,5.0,30.0,5,0,0,9.0,0.0,,,
13,YVBQ,F8EM,42.8,2,2.56,5.0,27.0,5,0,0,5.2,1.0,37868.0,1.0,3.0
14,VLGF,F8EM,36.0,1,,6.0,17.0,1,0,0,8.0,0.0,20782.0,0.0,1.0
15,6X8I,F8EM,39.0,1,,14.0,20.5,5,0,0,7.6,1.0,12900.0,1.0,1.0
16,6X8I,F8EM,82.0,3,3.05,5.0,55.6,1,0,0,9.0,,22108.0,3.0,0.0
17,6X8I,F8EM,36.0,1,,17.0,16.5,7,0,0,11.0,1.0,33564.0,0.0,1.0
18,6X8I,F8EM,31.0,1,2.5,5.0,19.4,2,0,0,5.6,1.0,44060.0,1.0,0.0
19,6X8I,F8EM,121.0,3,2.75,16.0,76.0,8,0,0,12.0,,38900.0,0.0,0.0
20,4T1U,IZIQ,80.0,3,2.7,27.0,48.0,11,0,0,12.0,2.0,53134.0,0.0,0.0
21,6X8I,F8EM,31.6,1,,5.0,16.9,2,0,0,5.7,1.0,36064.0,1.0,0.0
22,4KU1,9N9J,58.0,2,2.75,25.0,30.0,15,0,0,11.0,2.0,,,
23,6X8I,F8EM,32.0,1,2.6,9.0,17.7,9,0,0,6.1,,15414.0,2.0,1.0
24,6X8I,F8EM,97.2,2,,3.0,46.5,1,0,0,19.6,0.0,20052.0,3.0,3.0
25,6X8I,F8EM,76.0,2,2.75,23.0,39.0,18,0,0,15.0,2.0,34967.0,0.0,1.0
26,6X8I,F8EM,60.0,4,,5.0,43.0,4,0,0,7.0,,11580.0,0.0,1.0
27,6X8I,F8EM,70.0,3,2.6,17.0,49.0,11,0,0,9.2,0.0,29197.0,2.0,1.0
28,VLGF,F8EM,44.0,1,2.9,6.0,20.8,1,0,0,11.7,1.0,18557.0,0.0,1.0
29,6X8I,F8EM,100.0,3,,19.0,52.0,15,0,0,11.0,0.0,30394.0,1.0,1.0
30,T0TI,F8EM,32.8,1,,9.0,,2,0,0,,,,,
31,6X8I,F8EM,67.9,2,2.8,16.0,38.1,4,0,0,13.4,2.0,32888.0,0.0,0.0
32,6X8I,F8EM,60.0,3,,5.0,39.0,4,0,0,6.0,0.0,11349.0,0.0,1.0
33,FJEG,F8EM,73.0,4,,9.0,51.6,5,0,0,6.5,,26535.0,0.0,0.0
34,6X8I,F8EM,33.0,1,2.55,16.0,14.0,3,0,0,8.0,,13943.0,0.0,0.0
35,6X8I,F8EM,149.0,5,,5.0,104.0,4,0,0,17.0,,23670.0,0.0,1.0
36,6X8I,F8EM,45.0,2,,9.0,27.0,9,0,0,6.3,2.0,49574.0,1.0,0.0
37,0OVA,EQUI,45.8,2,2.5,5.0,,1,0,0,,,,,
38,187Y,IZIQ,40.0,1,2.75,18.0,16.3,9,0,0,11.6,,,,
39,6X8I,F8EM,54.4,2,2.75,9.0,29.7,2,0,0,8.8,2.0,13413.0,0.0,1.0
40,4T1U,IZIQ,36.0,1,2.6,26.0,15.0,22,0,0,10.0,2.0,52996.0,0.0,0.0
41,6X8I,F8EM,74.0,3,,14.0,59.0,8,0,0,12.0,5.0,37715.0,1.0,1.0
42,YVBQ,F8EM,161.8,4,2.8,4.0,80.9,2,0,0,17.6,5.0,35416.0,2.0,1.0
43,6X8I,F8EM,48.0,2,3.0,4.0,28.0,4,0,0,7.5,,15016.0,0.0,1.0
44,6X8I,F8EM,40.0,1,,22.0,,3,0,0,,1.0,30471.0,1.0,1.0
45,6X8I,F8EM,50.6,2,2.65,9.0,30.3,7,0,0,7.0,,30011.0,0.0,0.0
46,6X8I,F8EM,52.1,2,2.6,24.0,29.7,9,0,0,8.3,2.0,15114.0,0.0,0.0
47,R9I0,F8EM,56.1,3,,4.0,42.5,3,0,0,5.7,1.0,,,
48,6X8I,F8EM,33.83,1,,24.0,15.35,6,0,0,9.5,,21460.0,0.0,1.0
49,6X8I,F8EM,30.8,1,2.5,9.0,18.0,7,0,0,6.0,,45341.0,1.0,0.0
50,VLGF,F8EM,48.2,1,2.7,5.0,25.4,4,0,0,9.0,1.0,19841.0,1.0,3.0
51,6X8I,F8EM,161.0,3,3.2,8.0,38.0,4,0,0,50.0,,32537.0,0.0,3.0
52,6X8I,F8EM,136.0,6,3.0,2.0,94.0,2,0,0,11.0,1.0,16510.0,1.0,0.0
53,4T1U,IZIQ,39.1,1,,25.0,15.4,13,0,0,15.5,2.0,52611.0,0.0,0.0
54,6X8I,F8EM,36.5,1,,24.0,14.0,6,0,0,12.0,0.0,33331.0,0.0,0.0
55,6X8I,F8EM,58.8,2,2.6,10.0,33.7,9,0,0,10.7,,10643.0,0.0,1.0
56,6X8I,F8EM,41.0,1,2.8,7.0,18.1,4,0,0,11.1,2.0,13772.0,1.0,1.0
57,FMVZ,IZIQ,45.0,1,,25.0,17.0,10,0,0,12.0,,13097.0,0.0,1.0
58,6X8I,F8EM,33.0,1,2.6,9.0,19.0,5,0,0,7.0,,12988.0,0.0,2.0
59,6X8I,F8EM,46.5,1,,13.0,,13,0,0,,,11125.0,0.0,0.0
60,187Y,IZIQ,35.0,1,,12.0,,8,0,0,,,,,
61,6X8I,F8EM,74.0,2,,4.0,43.0,4,0,0,20.0,,22568.0,1.0,0.0
62,3SXT,F8EM,78.6,3,2.8,9.0,48.8,5,0,0,11.9,2.0,,,
63,6X8I,F8EM,118.0,3,3.0,9.0,68.0,7,0,0,16.0,,26055.0,1.0,1.0
64,R9I0,F8EM,44.3,2,2.5,5.0,29.0,5,0,0,5.3,,,,
65,6X8I,F8EM,57.0,3,2.5,5.0,39.0,2,0,0,7.0,,35361.0,0.0,0.0
66,187Y,IZIQ,34.0,1,2.6,17.0,17.4,8,0,0,11.5,2.0,,,
67,3I7C,F8EM,31.0,1,2.5,5.0,15.4,4,0,0,7.2,,47675.0,0.0,2.0
68,E836,9N9J,74.0,3,2.8,5.0,44.0,1,0,0,8.0,2.0,,,
69,0SI2,F8EM,50.7,2,2.6,5.0,28.9,5,0,0,9.0,2.0,,,
70,6X8I,F8EM,30.0,1,,5.0,16.0,1,0,0,7.0,,39053.0,1.0,0.0
71,6X8I,F8EM,57.5,3,2.5,9.0,39.0,8,0,0,6.2,,33623.0,1.0,1.0
72,IQ4Z,F8EM,55.0,2,2.7,3.0,35.5,2,0,0,7.5,1.0,68258.0,3.0,3.0
73,4T1U,IZIQ,73.8,3,,10.0,44.8,1,0,0,10.4,0.0,53817.0,0.0,3.0
74,FJEG,F8EM,34.0,1,2.5,9.0,19.0,8,0,0,7.1,,26765.0,1.0,1.0
75,6X8I,F8EM,44.0,2,2.7,23.0,21.0,19,0,0,15.0,2.0,15749.0,0.0,0.0
76,A7AP,F8EM,55.1,3,2.6,5.0,38.4,1,0,0,4.9,,,,
77,6X8I,F8EM,62.1,3,2.55,5.0,43.5,1,0,0,7.3,0.0,19646.0,1.0,2.0
78,6X8I,F8EM,37.0,1,,19.0,18.0,6,0,0,10.7,,34324.0,0.0,0.0
79,A7AP,F8EM,55.7,3,2.5,4.0,42.6,4,0,0,7.0,,,,
80,TXOA,9N9J,79.1,3,3.0,15.0,45.23,1,0,0,11.95,1.0,,,
81,6X8I,F8EM,68.0,1,,10.0,,6,0,0,,,,,
82,FMVZ,IZIQ,80.5,3,,25.0,,16,0,0,,,12430.0,0.0,0.0
83,4T1U,IZIQ,41.4,1,2.7,25.0,16.5,20,0,0,10.2,,53554.0,0.0,0.0
84,A7AP,F8EM,43.9,2,,2.0,27.46,1,0,0,5.2,,,,
85,6X8I,F8EM,46.3,2,3.0,5.0,27.8,5,0,0,8.0,,13334.0,0.0,1.0
86,24KS,IZIQ,63.0,2,,11.0,36.0,3,0,0,9.0,2.0,26128.0,0.0,0.0
87,6X8I,F8EM,52.0,2,2.61,9.0,30.0,6,0,0,9.0,2.0,12444.0,0.0,1.0
88,4UT1,EQUI,33.1,1,,5.0,18.4,1,0,0,6.4,,,,
89,23CI,EQUI,63.0,3,2.5,5.0,43.0,4,0,0,9.0,,,,
90,6X8I,F8EM,67.7,3,,9.0,40.0,4,0,0,8.0,1.0,32668.0,0.0,0.0
91,H3PW,IZIQ,54.0,2,,3.0,28.0,1,0,0,8.5,0.0,,,
92,WVV2,EQUI,72.0,2,,12.0,45.0,4,0,0,10.0,,,,
93,6X8I,F8EM,40.4,1,2.75,9.0,20.0,7,0,0,10.0,1.0,32574.0,1.0,0.0
94,6X8I,F8EM,29.5,1,2.5,5.0,15.6,2,0,0,5.5,1.0,12921.0,0.0,0.0
95,6X8I,F8EM,47.0,2,2.75,9.0,28.1,9,0,0,7.0,2.0,10142.0,2.0,1.0
96,6X8I,F8EM,78.3,3,2.5,15.0,51.0,9,0,0,11.0,,52108.0,0.0,1.0
97,0SI2,F8EM,146.0,4,,2.0,77.0,2,0,0,13.0,,,,
98,6X8I,F8EM,80.0,3,,5.0,55.1,3,0,0,11.0,0.0,11248.0,1.0,0.0
99,6X8I,F8EM,90.0,4,,5.0,67.0,2,0,0,8.0,,23277.0,0.0,0.0
100,6X8I,F8EM,38.6,1,,9.0,18.0,6,0,0,8.4,2.0,36450.0,0.0,0.0
101,3CZ4,N8E6,37.0,1,2.75,10.0,12.0,3,0,0,13.0,,,,
102,6X8I,F8EM,33.0,1,,14.0,18.0,2,0,0,6.2,1.0,49214.0,0.0,0.0
103,6X8I,F8EM,35.0,1,2.7,25.0,17.0,9,0,0,9.0,,42499.0,0.0,0.0
104,6X8I,F8EM,77.2,4,2.6,9.0,61.0,1,0,0,6.0,,12403.0,0.0,1.0
105,6X8I,F8EM,32.0,1,,25.0,15.0,5,0,0,9.0,,52480.0,0.0,1.0
106,6X8I,F8EM,124.1,5,3.2,4.0,79.4,3,0,0,20.0,0.0,26825.0,1.0,0.0
107,6823,F8EM,101.0,4,3.0,3.0,73.0,3,0,0,9.0,1.0,20746.0,3.0,3.0
108,6X8I,F8EM,80.0,3,2.55,10.0,46.0,7,0,0,11.0,1.0,35958.0,0.0,0.0
109,VLGF,F8EM,62.5,2,,5.0,35.5,5,0,0,9.5,,14517.0,1.0,0.0
110,R8HW,9N9J,72.3,2,,3.0,27.4,2,0,0,23.6,0.0,,,
111,6X8I,F8EM,40.0,1,,6.0,18.0,1,0,0,10.0,0.0,20062.0,1.0,0.0
112,Y04Q,F8EM,33.3,1,2.55,9.0,19.0,3,0,0,7.0,2.0,,,
113,4T1U,IZIQ,78.0,3,,27.0,45.4,27,0,0,10.8,2.0,53134.0,0.0,0.0
114,6X8I,F8EM,21.4,1,2.9,8.0,8.3,7,0,0,6.3,,27089.0,2.0,1.0
115,6X8I,F8EM,42.0,2,,5.0,27.0,4,0,0,6.5,,43019.0,0.0,0.0
116,6X8I,F8EM,97.2,3,2.5,16.0,,16,0,0,18.3,5.0,19426.0,0.0,2.0
117,6X8I,F8EM,84.7,3,3.2,5.0,55.9,4,0,0,8.4,1.0,37889.0,1.0,0.0
118,6X8I,F8EM,31.0,1,2.5,9.0,17.0,4,0,0,5.0,,35445.0,0.0,2.0
119,6X8I,F8EM,67.0,3,,6.0,42.5,2,0,0,8.2,2.0,37836.0,1.0,1.0
120,IQ4Z,F8EM,30.9,1,2.75,5.0,16.7,1,0,0,6.0,,68997.0,1.0,2.0
121,6X8I,F8EM,180.0,3,2.9,9.0,86.0,8,0,0,24.0,4.0,25689.0,1.0,0.0
122,S4Y8,F8EM,60.0,2,2.5,5.0,31.5,2,0,0,9.0,2.0,,,
123,6X8I,F8EM,48.0,1,,22.0,14.0,5,0,0,23.8,,16951.0,0.0,1.0
124,6X8I,F8EM,87.8,3,,12.0,45.1,3,0,0,24.0,1.0,32746.0,0.0,1.0
125,6X8I,F8EM,65.9,3,2.55,9.0,48.5,8,0,0,6.3,,44855.0,0.0,0.0
126,VLGF,F8EM,51.0,2,,5.0,30.5,1,0,0,6.6,,17974.0,1.0,1.0
127,6X8I,F8EM,55.0,2,2.5,11.0,31.9,3,0,0,8.3,,31398.0,0.0,0.0
128,3I7C,F8EM,31.0,1,2.75,3.0,19.5,1,0,0,5.0,,48649.0,0.0,2.0
129,6X8I,F8EM,32.0,1,2.5,9.0,18.0,3,0,0,8.0,,49587.0,1.0,0.0
130,ZYPN,F8EM,49.0,2,2.8,8.0,31.0,8,0,0,6.0,2.0,,,
131,O5K1,F8EM,71.1,3,2.5,5.0,41.9,4,0,0,9.0,2.0,,,
132,YVBQ,F8EM,33.0,1,2.5,9.0,19.0,7,0,0,6.0,,45332.0,0.0,0.0
133,187Y,IZIQ,31.0,1,,25.0,,6,0,0,,,,,
134,6X8I,F8EM,33.7,1,2.65,17.0,15.1,3,0,0,7.3,,35452.0,0.0,1.0
135,E66G,F8EM,48.0,1,3.25,5.0,20.5,1,0,0,17.0,,57998.0,0.0,2.0
136,6X8I,F8EM,51.8,2,3.45,6.0,25.6,2,0,0,7.3,1.0,20502.0,2.0,1.0
137,6X8I,F8EM,85.1,2,2.7,10.0,31.52,5,0,0,26.85,1.0,31460.0,1.0,3.0
138,6X8I,F8EM,40.0,2,,3.0,29.0,2,0,0,6.0,,23371.0,0.0,2.0
139,WVV2,EQUI,31.0,1,2.5,5.0,17.0,3,0,0,5.5,1.0,,,
140,VLGF,F8EM,105.7,2,2.7,3.0,48.4,1,0,0,15.4,,14352.0,3.0,3.0
141,6X8I,F8EM,32.6,1,,5.0,18.5,5,0,0,5.5,,24764.0,0.0,0.0
142,MY8E,9N9J,86.2,3,2.75,12.0,49.6,9,0,0,17.0,1.0,,,
143,6X8I,F8EM,30.0,1,2.5,9.0,20.0,9,0,0,5.6,0.0,30067.0,0.0,1.0
144,187Y,IZIQ,27.0,0,,24.0,15.5,2,0,0,,2.0,,,
145,6X8I,F8EM,77.0,2,2.77,16.0,40.0,5,0,0,10.0,1.0,30012.0,0.0,1.0
146,E66G,F8EM,53.6,2,2.55,10.0,29.2,10,0,0,7.8,1.0,60883.0,1.0,2.0
147,6X8I,F8EM,179.6,5,2.85,25.0,97.2,25,0,0,33.8,2.0,19424.0,0.0,1.0
148,6X8I,F8EM,35.5,1,2.65,25.0,17.0,20,0,0,9.0,,36688.0,0.0,2.0
149,6X8I,F8EM,53.0,2,2.65,12.0,31.5,6,0,0,7.6,,10128.0,2.0,1.0
150,6X8I,F8EM,45.0,2,,5.0,29.0,3,0,0,6.0,,39793.0,0.0,0.0
151,2CQ7,IZIQ,44.9,2,,5.0,28.0,3,0,0,5.4,1.0,,,
152,6X8I,F8EM,81.22,3,2.64,24.0,42.9,10,0,0,12.72,1.0,17755.0,0.0,1.0
153,YVBQ,F8EM,55.0,2,2.57,9.0,31.2,2,0,0,8.3,0.0,45958.0,1.0,0.0
154,6X8I,F8EM,80.0,3,4.15,3.0,44.2,2,0,0,12.2,,20562.0,2.0,1.0
155,6X8I,F8EM,317.0,4,3.5,3.0,183.0,3,0,0,,1.0,22673.0,2.0,3.0
156,6X8I,F8EM,80.0,2,2.75,22.0,34.0,19,0,0,19.0,2.0,34967.0,0.0,1.0
157,6X8I,F8EM,75.75,2,2.7,22.0,40.61,3,0,0,15.0,2.0,51531.0,0.0,0.0
158,IVEB,LVBX,47.3,2,,5.0,27.5,2,0,0,8.5,,,,
159,6X8I,F8EM,66.0,3,3.0,4.0,37.8,4,0,0,11.0,,26235.0,0.0,1.0
160,FMVZ,IZIQ,41.9,1,,7.0,15.4,7,0,0,12.4,2.0,18240.0,0.0,1.0
161,6X8I,F8EM,42.9,1,2.75,23.0,18.9,8,0,0,7.9,1.0,43269.0,1.0,0.0
162,6X8I,F8EM,66.0,3,2.5,9.0,48.0,9,0,0,6.3,,45589.0,1.0,0.0
163,6X8I,F8EM,67.4,3,2.65,17.0,40.1,6,0,0,10.3,1.0,33745.0,0.0,1.0
164,JTQH,EQUI,40.3,2,,3.0,,1,0,0,,2.0,,,
165,E66G,F8EM,60.2,2,2.5,4.0,,2,0,0,10.2,,54526.0,0.0,0.0
166,VVDT,IZIQ,60.0,2,,3.0,,1,0,0,,,,,
167,6X8I,F8EM,35.1,1,2.75,23.0,15.9,1,0,0,9.8,,22314.0,0.0,1.0
168,OK3M,9N9J,73.0,3,,5.0,43.4,5,0,0,8.4,,,,
169,6X8I,F8EM,85.0,3,2.8,17.0,51.8,17,0,0,17.5,0.0,16057.0,0.0,0.0
170,4ETD,IZIQ,73.5,3,2.6,5.0,46.0,5,0,0,8.0,,,,
171,FMVZ,IZIQ,49.0,2,2.5,9.0,38.0,8,0,0,10.0,1.0,18471.0,0.0,0.0
172,23CI,EQUI,73.3,3,2.5,5.0,47.4,3,0,0,8.3,2.0,,,
173,6X8I,F8EM,97.9,3,2.75,16.0,57.7,3,0,0,14.7,1.0,14069.0,0.0,0.0
174,R9I0,F8EM,31.6,1,,5.0,17.5,4,0,0,5.5,1.0,,,
175,BQCG,IZIQ,52.0,2,2.6,5.0,31.0,3,0,0,10.0,1.0,,,
176,6X8I,F8EM,52.56,1,,24.0,15.36,2,0,0,20.91,,43396.0,0.0,0.0
177,6X8I,F8EM,154.9,4,3.3,16.0,89.11,3,0,0,21.3,,37434.0,1.0,2.0
178,6X8I,F8EM,153.0,4,2.71,10.0,89.4,10,0,0,,1.0,52130.0,0.0,2.0
179,6X8I,F8EM,108.7,3,4.0,5.0,72.4,5,0,0,8.0,,23017.0,1.0,0.0
180,6X8I,F8EM,31.7,1,2.5,5.0,17.9,2,0,0,5.6,2.0,10709.0,0.0,0.0
181,6X8I,F8EM,71.8,3,3.0,5.0,38.7,1,0,0,12.0,,22036.0,0.0,1.0
182,R27I,F8EM,60.0,3,2.5,5.0,44.1,1,0,0,6.0,,26090.0,0.0,0.0
183,HJEX,IZIQ,43.8,2,2.7,5.0,27.7,2,0,0,5.5,0.0,31458.0,0.0,0.0
184,6X8I,F8EM,30.2,1,2.65,9.0,26.1,5,0,0,6.2,,13952.0,0.0,1.0
185,6X8I,F8EM,49.9,1,3.0,16.0,18.9,14,0,0,10.6,,12114.0,1.0,1.0
186,6X8I,F8EM,65.2,2,,,30.8,4,0,0,12.0,,39197.0,1.0,0.0
187,6X8I,F8EM,52.3,2,,12.0,29.8,4,0,0,10.9,,32794.0,0.0,0.0
188,6X8I,F8EM,38.5,1,2.5,12.0,18.5,5,0,0,,,49065.0,1.0,0.0
189,6X8I,F8EM,62.0,3,,9.0,41.5,5,0,0,8.5,2.0,41954.0,1.0,0.0
190,6X8I,F8EM,62.8,3,,9.0,39.7,2,0,0,9.7,0.0,12988.0,0.0,2.0
191,6X8I,F8EM,55.8,3,2.5,9.0,38.0,2,0,0,7.7,2.0,19386.0,0.0,0.0
192,187Y,IZIQ,39.4,1,,24.0,19.2,9,0,0,11.0,0.0,,,
193,6X8I,F8EM,83.8,4,2.47,9.0,55.9,9,0,0,9.8,1.0,30352.0,0.0,1.0
194,6X8I,F8EM,85.0,3,2.7,10.0,50.0,1,0,0,11.0,,15923.0,0.0,1.0
195,6X8I,F8EM,60.0,3,,9.0,,4,0,0,,0.0,52072.0,1.0,3.0
196,6X8I,F8EM,57.0,1,,5.0,20.0,5,0,0,16.0,0.0,17462.0,1.0,2.0
197,W0ZR,F8EM,46.0,2,,5.0,,2,0,0,,1.0,,,
198,Y04Q,F8EM,35.0,1,2.7,17.0,16.1,17,0,0,8.3,2.0,,,
199,187Y,IZIQ,37.4,1,2.73,12.0,17.0,4,0,0,,,,,
200,3I7C,F8EM,98.3,3,2.84,13.0,60.3,11,0,0,12.5,1.0,48910.0,0.0,2.0
201,6X8I,F8EM,123.1,6,3.2,5.0,89.0,2,0,0,11.0,,26009.0,2.0,0.0
202,6X8I,F8EM,67.0,3,2.7,9.0,43.4,1,0,0,8.8,2.0,15361.0,0.0,0.0
203,6X8I,F8EM,34.1,1,2.7,25.0,14.47,12,0,0,10.4,0.0,18488.0,0.0,0.0
204,3I7C,F8EM,44.2,2,2.5,9.0,27.0,3,0,0,6.3,2.0,46926.0,0.0,1.0
205,HJEX,IZIQ,30.6,1,2.56,5.0,17.4,4,0,0,5.7,,31366.0,0.0,0.0
206,6X8I,F8EM,31.3,1,2.5,7.0,16.0,4,0,0,7.6,1.0,27753.0,1.0,1.0
207,6X8I,F8EM,72.6,2,2.9,5.0,43.2,4,0,0,11.4,,22794.0,2.0,3.0
208,WBH1,9N9J,42.5,1,2.6,5.0,17.2,5,0,0,8.4,,,,
209,6X8I,F8EM,45.0,2,2.5,9.0,27.4,4,0,0,8.6,,42566.0,0.0,0.0
210,FMVZ,IZIQ,58.5,2,,9.0,28.73,7,0,0,11.24,1.0,18309.0,0.0,1.0
211,6X8I,F8EM,54.0,2,2.77,18.0,31.0,10,0,0,11.0,,7659.0,0.0,0.0
212,6X8I,F8EM,82.0,3,,23.0,47.0,9,0,0,13.0,1.0,9655.0,1.0,1.0
213,6X8I,F8EM,111.4,4,3.1,4.0,73.2,2,0,0,14.1,,20936.0,1.0,3.0
214,6X8I,F8EM,50.41,2,2.5,9.0,31.1,8,0,0,7.0,1.0,41954.0,1.0,0.0
215,Y04Q,F8EM,67.0,3,2.7,9.0,42.2,8,0,0,5.5,,,,
216,6X8I,F8EM,65.6,2,2.55,10.0,36.7,10,0,0,10.9,2.0,11657.0,1.0,1.0
217,6X8I,F8EM,79.0,4,2.6,9.0,55.3,6,0,0,10.0,1.0,49666.0,0.0,0.0
218,6X8I,F8EM,35.0,1,2.7,17.0,16.0,15,0,0,9.8,1.0,36237.0,0.0,0.0
219,6X8I,F8EM,58.7,1,,7.0,17.0,3,0,0,15.7,,24102.0,1.0,0.0
220,6X8I,F8EM,37.0,1,2.5,25.0,28.0,6,0,0,9.0,,25408.0,0.0,0.0
221,6823,F8EM,43.0,2,,4.0,28.0,1,0,0,6.0,,19775.0,2.0,1.0
222,6X8I,F8EM,59.6,2,,25.0,31.48,17,0,0,13.29,,43074.0,0.0,0.0
223,3XN0,9N9J,35.4,1,2.6,5.0,18.2,1,0,0,9.8,,,,
224,Y04Q,F8EM,61.4,2,,16.0,34.0,8,0,0,14.0,0.0,,,
225,Y04Q,F8EM,58.9,2,2.6,5.0,31.5,3,0,0,12.9,1.0,,,
226,6X8I,F8EM,86.4,4,,3.0,52.7,1,0,0,12.7,,31729.0,0.0,0.0
227,N6YS,IZIQ,47.0,3,2.34,5.0,,1,0,0,,,,,
228,Y04Q,F8EM,46.0,1,2.77,4.0,19.3,3,0,0,11.0,,,,
229,6X8I,F8EM,74.3,3,,24.0,41.9,3,0,0,16.5,,43820.0,0.0,0.0
230,6X8I,F8EM,34.3,1,,11.0,14.73,7,0,0,9.36,,22425.0,0.0,2.0
231,6X8I,F8EM,56.9,3,,9.0,38.8,8,0,0,6.2,2.0,32350.0,0.0,0.0
232,6X8I,F8EM,42.2,1,,14.0,14.7,4,0,0,10.4,,23239.0,1.0,1.0
233,6X8I,F8EM,118.0,3,2.8,25.0,62.0,3,0,0,21.5,,36827.0,1.0,1.0
234,6X8I,F8EM,57.0,2,,5.0,33.0,3,0,0,8.0,,26852.0,2.0,0.0
235,FJEG,F8EM,60.0,2,3.4,3.0,37.8,1,0,0,9.0,,25670.0,3.0,3.0
236,6X8I,F8EM,35.8,1,2.5,14.0,20.3,2,0,0,7.7,0.0,46532.0,0.0,0.0
237,6X8I,F8EM,28.1,1,,,20.75,1,0,0,,0.0,22041.0,0.0,1.0
238,6X8I,F8EM,43.4,1,,24.0,,2,0,0,12.4,2.0,23982.0,0.0,0.0
239,6X8I,F8EM,119.0,3,3.5,5.0,56.0,3,0,0,35.0,0.0,21698.0,1.0,1.0
240,6X8I,F8EM,42.0,2,2.7,5.0,27.0,2,0,0,6.0,1.0,11944.0,0.0,0.0
241,6X8I,F8EM,55.0,2,2.8,16.0,29.0,6,0,0,10.0,2.0,41841.0,1.0,0.0
242,6X8I,F8EM,57.0,2,,6.0,29.0,5,0,0,10.0,,9226.0,1.0,0.0
243,O5K1,F8EM,36.2,1,2.5,4.0,20.0,1,0,0,9.0,1.0,,,
244,6X8I,F8EM,57.1,2,,9.0,29.5,4,0,0,9.0,0.0,9774.0,1.0,0.0
245,6X8I,F8EM,46.4,1,2.5,16.0,18.0,5,0,0,11.5,1.0,9968.0,0.0,0.0
246,6X8I,F8EM,52.5,2,2.6,14.0,29.5,11,0,0,7.5,2.0,13787.0,0.0,0.0
247,LV8Y,F8EM,31.0,1,,3.0,,1,0,0,,,,,
248,6X8I,F8EM,31.0,1,3.0,17.0,10.0,6,0,0,,0.0,39771.0,1.0,0.0
249,R27I,F8EM,70.5,3,2.65,9.0,44.9,9,0,0,10.5,1.0,25594.0,0.0,0.0
250,Y04Q,F8EM,51.7,2,2.65,16.0,29.2,5,0,0,7.7,4.0,,,
251,3SXT,F8EM,34.0,1,2.6,9.0,17.0,9,0,0,8.0,,,,
252,6X8I,F8EM,43.0,1,2.8,16.0,17.0,11,0,0,12.5,,39771.0,1.0,0.0
253,6X8I,F8EM,37.0,1,,5.0,19.0,4,0,0,10.0,,47303.0,1.0,1.0
254,6X8I,F8EM,31.2,1,2.5,9.0,15.6,9,0,0,8.2,0.0,46911.0,0.0,0.0
255,0SI2,F8EM,40.2,1,2.7,3.0,19.0,2,0,0,9.0,2.0,,,
256,6X8I,F8EM,65.6,3,2.5,9.0,42.8,2,0,0,9.5,2.0,12975.0,0.0,0.0
257,Y04Q,F8EM,58.0,3,,9.0,38.5,1,0,0,6.1,2.0,,,
258,WUMG,EL2E,53.1,2,2.6,3.0,29.0,1,0,0,8.7,,,,
259,8HJY,F8EM,30.0,1,2.5,5.0,15.0,4,0,0,5.0,1.0,,,
260,6X8I,F8EM,102.4,3,,8.0,53.2,3,0,0,19.3,1.0,39393.0,1.0,0.0
261,187Y,F8EM,83.69,4,,17.0,40.59,7,0,0,21.4,,,,
262,6X8I,F8EM,158.0,4,,12.0,88.0,4,0,0,40.0,,25799.0,0.0,2.0
263,6X8I,F8EM,140.6,2,3.5,8.0,39.8,7,0,0,49.2,4.0,32537.0,0.0,3.0
264,8HJY,F8EM,53.0,2,,5.0,29.0,4,0,0,9.0,0.0,,,
265,TXOA,9N9J,37.3,1,2.8,17.0,15.2,14,0,0,10.3,0.0,,,
266,6X8I,F8EM,37.9,1,,10.0,17.8,6,0,0,8.3,2.0,14286.0,0.0,1.0
267,6X8I,F8EM,120.0,3,2.75,20.0,63.0,18,0,0,16.0,5.0,39204.0,2.0,3.0
268,LV8Y,F8EM,46.0,2,2.5,5.0,30.0,5,0,0,7.0,,,,
269,6X8I,F8EM,60.1,3,2.65,9.0,43.0,1,0,0,7.0,2.0,28530.0,0.0,1.0
270,6X8I,F8EM,34.0,1,2.6,10.0,18.0,8,0,0,8.0,1.0,32831.0,1.0,1.0
271,S4Y8,F8EM,43.8,2,2.7,4.0,29.0,2,0,0,5.0,1.0,,,
272,FMVZ,IZIQ,52.03,2,,18.0,25.41,18,0,0,11.52,,11976.0,0.0,0.0
273,6X8I,F8EM,57.2,2,2.5,10.0,29.8,1,0,0,11.6,,35966.0,1.0,3.0
274,6X8I,F8EM,37.55,1,,14.0,15.2,10,0,0,8.9,2.0,22098.0,0.0,2.0
275,FMVZ,IZIQ,31.0,1,2.75,9.0,15.0,9,0,0,10.0,2.0,18471.0,0.0,0.0
276,6X8I,F8EM,108.4,3,3.06,7.0,,6,0,0,,,26819.0,1.0,1.0
277,6X8I,F8EM,65.0,3,,15.0,44.0,11,0,0,11.0,2.0,16124.0,2.0,1.0
278,6X8I,F8EM,56.7,2,3.2,5.0,34.1,5,0,0,9.6,,22800.0,1.0,1.0
279,6X8I,F8EM,134.0,4,,18.0,78.0,17,0,0,30.0,,34991.0,0.0,0.0
280,6X8I,F8EM,63.0,2,,9.0,34.4,5,0,0,,0.0,40880.0,0.0,0.0
281,187Y,IZIQ,45.2,1,2.72,18.0,18.0,12,0,0,14.2,2.0,,,
282,6X8I,F8EM,115.0,2,,5.0,65.0,2,0,0,14.0,,23537.0,2.0,2.0
283,HM6W,F8EM,62.4,3,2.5,5.0,36.7,5,0,0,8.1,,,,
284,6823,F8EM,30.5,1,2.6,4.0,17.2,2,0,0,5.0,1.0,19516.0,2.0,1.0
285,6X8I,F8EM,31.4,1,2.6,9.0,16.0,7,0,0,9.0,,18927.0,0.0,1.0
286,ZYPN,F8EM,54.0,3,,5.0,36.0,5,0,0,5.0,0.0,,,
287,E66G,F8EM,31.1,1,2.5,5.0,18.1,4,0,0,6.5,0.0,57893.0,1.0,2.0
288,6X8I,F8EM,41.68,1,2.7,19.0,19.0,4,0,0,10.44,,37792.0,0.0,0.0
289,6X8I,F8EM,33.0,1,,6.0,18.0,4,0,0,7.0,0.0,45133.0,0.0,0.0
290,YVBQ,F8EM,51.0,2,2.54,9.0,30.5,9,0,0,7.0,1.0,45825.0,1.0,0.0
291,6X8I,F8EM,70.0,3,2.51,5.0,47.4,1,0,0,8.0,,19859.0,1.0,1.0
292,A7AP,F8EM,61.0,2,2.5,9.0,32.0,6,0,0,14.4,2.0,,,
293,W0ZR,F8EM,42.8,2,,5.0,32.0,5,0,0,5.0,,,,
294,6X8I,F8EM,37.0,1,2.5,16.0,18.2,15,0,0,8.8,1.0,41359.0,2.0,0.0
295,C3YJ,F8EM,35.0,1,2.7,15.0,17.0,3,0,0,9.0,2.0,,,
296,0SI2,F8EM,28.0,1,,5.0,17.0,1,0,0,6.0,0.0,,,
297,6X8I,F8EM,56.8,2,,12.0,,11,0,0,,,16540.0,1.0,0.0
298,R9I0,F8EM,42.8,2,,5.0,30.0,3,0,0,4.5,0.0,,,
299,6X8I,F8EM,68.0,2,,8.0,37.0,3,0,0,13.0,0.0,17674.0,1.0,2.0
300,6X8I,F8EM,70.6,3,2.6,9.0,48.0,6,0,0,8.0,,15895.0,1.0,0.0
301,FJEG,F8EM,47.0,2,,9.0,29.0,7,0,0,9.0,,25316.0,1.0,0.0
302,L1Y8,F8EM,31.0,1,2.55,5.0,17.5,1,0,0,5.4,0.0,72005.0,3.0,1.0
303,YVBQ,F8EM,51.08,2,,5.0,26.4,4,0,0,10.2,1.0,39858.0,0.0,0.0
304,6X8I,F8EM,32.0,1,2.5,5.0,,1,0,0,,,42629.0,0.0,0.0
305,6X8I,F8EM,70.8,3,,5.0,50.9,5,0,0,8.2,,25335.0,0.0,0.0
306,PJ2I,F8EM,116.0,3,2.5,9.0,61.8,9,0,0,16.3,2.0,,,
307,6X8I,F8EM,65.0,2,2.78,25.0,30.0,9,0,0,12.0,,16346.0,0.0,0.0
308,R27I,F8EM,83.9,3,2.6,5.0,51.8,2,0,0,9.6,,27245.0,0.0,0.0
309,6X8I,F8EM,58.0,3,,5.0,42.0,1,0,0,6.0,,10980.0,0.0,0.0
310,4T1U,IZIQ,31.0,1,2.5,5.0,18.0,2,0,0,5.5,,55619.0,0.0,0.0
311,6X8I,F8EM,86.0,3,2.8,25.0,47.0,3,0,0,13.0,5.0,52192.0,0.0,1.0
312,6X8I,F8EM,31.0,1,2.65,9.0,18.0,4,0,0,6.5,,44931.0,1.0,0.0
313,N6YS,IZIQ,49.0,3,,5.0,34.0,2,0,0,5.5,1.0,,,
314,6X8I,F8EM,48.6,2,,3.0,32.5,3,0,0,8.0,,42608.0,0.0,0.0
315,6X8I,F8EM,108.0,4,,6.0,76.9,2,0,0,11.2,,25301.0,1.0,0.0
316,6X8I,F8EM,46.3,2,,6.0,28.8,2,0,0,9.0,0.0,31327.0,0.0,0.0
317,6X8I,F8EM,29.4,1,,5.0,15.1,4,0,0,7.3,,42365.0,3.0,1.0
318,6X8I,F8EM,67.0,1,2.84,9.0,37.0,7,0,0,17.0,1.0,23988.0,1.0,1.0
319,6X8I,F8EM,59.7,3,2.5,5.0,47.4,4,0,0,6.4,1.0,43095.0,0.0,0.0
320,6X8I,F8EM,97.0,3,,10.0,51.2,7,0,0,18.4,0.0,23617.0,0.0,1.0
321,E66G,F8EM,39.7,1,2.55,4.0,21.0,1,0,0,7.4,0.0,57025.0,2.0,2.0
322,0SI2,F8EM,25.0,1,,5.0,,5,0,0,,0.0,,,
323,6X8I,F8EM,72.0,2,2.8,10.0,34.0,9,0,0,17.0,0.0,23756.0,1.0,1.0
324,6X8I,F8EM,62.0,2,,28.0,30.0,22,0,0,10.0,1.0,19971.0,0.0,1.0
325,6X8I,F8EM,42.1,2,2.5,9.0,28.0,2,0,0,7.0,,13889.0,0.0,0.0
326,6X8I,F8EM,45.4,2,,5.0,27.8,3,0,0,7.1,,19947.0,1.0,2.0
327,6X8I,F8EM,32.0,1,2.8,12.0,17.0,2,0,0,6.0,,13482.0,0.0,1.0
328,6X8I,F8EM,45.8,2,2.55,9.0,26.7,9,0,0,6.3,2.0,14107.0,0.0,1.0
329,6X8I,F8EM,67.0,2,,17.0,34.0,15,0,0,13.0,0.0,27918.0,1.0,1.0
330,6X8I,F8EM,50.0,3,,5.0,31.5,1,0,0,5.0,,21341.0,2.0,1.0
331,E66G,F8EM,124.8,2,,4.0,37.1,1,0,0,14.1,,54164.0,0.0,0.0
332,6X8I,F8EM,32.9,1,,12.0,17.9,7,0,0,6.2,,47694.0,0.0,0.0
333,4KU1,9N9J,57.0,2,2.76,18.0,29.0,3,0,0,13.0,,,,
334,6X8I,F8EM,58.0,2,3.0,5.0,36.6,2,0,0,7.9,0.0,39136.0,2.0,1.0
335,6X8I,F8EM,163.4,5,3.5,5.0,119.5,2,0,0,10.0,,26791.0,1.0,0.0
336,6X8I,F8EM,79.0,3,2.9,12.0,47.0,11,0,0,15.0,5.0,38622.0,0.0,0.0
337,6X8I,F8EM,55.0,2,2.7,9.0,31.2,4,0,0,8.5,2.0,34589.0,0.0,0.0
338,FMVZ,IZIQ,40.0,1,2.6,19.0,18.0,15,0,0,11.3,1.0,11858.0,0.0,0.0
339,6X8I,F8EM,46.2,2,2.5,5.0,28.7,3,0,0,6.4,1.0,26990.0,0.0,0.0
340,6X8I,F8EM,32.2,1,2.65,9.0,19.0,5,0,0,6.5,2.0,46240.0,1.0,0.0
341,6X8I,F8EM,30.0,1,2.5,9.0,16.0,5,0,0,7.0,,14442.0,1.0,1.0
342,6X8I,F8EM,85.0,3,2.78,25.0,49.0,14,0,0,13.0,2.0,39653.0,0.0,0.0
343,FJEG,F8EM,58.5,2,,24.0,29.1,8,0,0,7.7,,28554.0,0.0,3.0
344,6X8I,F8EM,46.9,2,3.0,5.0,28.3,5,0,0,7.9,1.0,31037.0,1.0,3.0
345,6X8I,F8EM,33.0,1,2.5,15.0,18.6,1,0,0,6.3,2.0,51144.0,0.0,0.0
346,8NLV,9N9J,48.2,3,2.5,5.0,33.6,5,0,0,5.5,1.0,,,
347,Y2IW,9N9J,72.0,2,2.7,10.0,42.0,3,0,0,12.0,,,,
348,6X8I,F8EM,34.4,1,2.55,16.0,18.6,5,0,0,7.1,,21297.0,1.0,2.0
349,4KU1,9N9J,25.0,0,,14.0,17.0,1,0,1,,0.0,,,
350,TXOA,9N9J,52.5,2,,16.0,30.0,13,0,0,10.0,,,,
351,6X8I,F8EM,87.1,3,3.1,5.0,66.9,2,0,0,9.5,,32758.0,0.0,2.0
352,6X8I,F8EM,48.6,1,,11.0,13.0,3,0,0,15.0,2.0,23609.0,0.0,1.0
353,6X8I,F8EM,43.5,1,3.0,5.0,25.0,4,0,0,9.4,,10527.0,1.0,0.0
354,6X8I,F8EM,42.6,2,2.7,11.0,29.0,2,0,0,10.0,,34496.0,1.0,3.0
355,R9I0,F8EM,55.2,2,25.0,5.0,32.0,2,0,0,,2.0,,,
356,6X8I,F8EM,69.7,3,2.5,9.0,42.0,4,0,0,7.9,,44812.0,1.0,0.0
357,6X8I,F8EM,65.7,2,2.76,11.0,30.9,6,0,0,13.1,1.0,31364.0,1.0,0.0
358,6X8I,F8EM,50.0,2,,9.0,32.0,7,0,0,6.0,,43033.0,0.0,0.0
359,6X8I,F8EM,83.1,4,3.05,6.0,56.5,4,0,0,8.9,,24654.0,0.0,0.0
360,187Y,IZIQ,57.84,2,2.65,27.0,,13,0,0,10.19,2.0,,,
361,6X8I,F8EM,69.2,3,,12.0,43.78,12,0,0,7.06,,12952.0,1.0,1.0
362,4T1U,IZIQ,61.0,2,2.65,10.0,35.0,4,0,0,10.5,2.0,55827.0,0.0,0.0
363,R27I,F8EM,101.0,4,2.6,8.0,,7,0,0,16.5,2.0,26876.0,0.0,0.0
364,3SXT,F8EM,32.0,1,2.65,9.0,18.0,2,0,0,6.0,,,,
365,4T1U,IZIQ,58.2,2,2.58,13.0,34.4,1,0,0,10.6,0.0,54171.0,0.0,0.0
366,6X8I,F8EM,29.9,1,2.5,5.0,15.4,5,0,0,7.2,,44734.0,0.0,0.0
367,FMVZ,IZIQ,40.0,1,2.6,5.0,17.7,5,0,0,11.2,,18459.0,0.0,0.0
368,6X8I,F8EM,85.0,3,3.7,6.0,56.5,6,0,0,22.0,,27084.0,2.0,1.0
369,4KU1,F8EM,41.4,1,2.7,18.0,16.7,10,0,0,10.9,,,,
370,XNS3,IZIQ,42.0,1,,10.0,18.0,5,0,0,12.0,,,,
371,6X8I,F8EM,65.0,2,,12.0,30.04,2,0,0,10.2,5.0,18621.0,1.0,2.0
372,6VBQ,IZIQ,35.86,1,,12.0,17.0,2,0,0,9.6,,,,
373,6X8I,F8EM,55.4,3,,5.0,40.4,3,0,0,5.0,,29535.0,2.0,0.0
374,6VBQ,IZIQ,70.0,2,,25.0,35.0,9,0,0,15.0,1.0,,,
375,6X8I,F8EM,140.0,3,2.8,25.0,60.0,21,0,0,30.0,4.0,37199.0,0.0,0.0
376,L1Y8,F8EM,84.0,2,2.75,3.0,41.0,1,0,0,13.0,,73827.0,0.0,0.0
377,6X8I,F8EM,41.0,3,2.5,5.0,28.4,2,0,0,5.3,,11813.0,0.0,1.0
378,WVV2,EQUI,42.5,2,2.5,4.0,26.0,4,0,0,5.5,0.0,,,
379,6X8I,F8EM,96.0,2,3.0,7.0,20.0,1,0,0,36.0,2.0,23843.0,0.0,3.0
380,6X8I,F8EM,40.0,1,2.65,17.0,18.0,2,0,0,11.4,2.0,14932.0,1.0,1.0
381,S4Y8,F8EM,86.3,4,3.0,3.0,63.0,3,0,0,7.3,1.0,,,
382,LV8Y,F8EM,37.0,1,,5.0,,4,0,0,,,,,
383,6X8I,F8EM,66.0,3,2.7,9.0,42.0,8,0,0,8.5,,51048.0,0.0,1.0
384,6X8I,F8EM,41.5,1,2.7,17.0,16.5,14,0,0,11.7,2.0,17209.0,1.0,2.0
385,6X8I,F8EM,36.8,1,2.6,10.0,17.7,6,0,0,8.3,1.0,36614.0,0.0,0.0
386,A7AP,F8EM,40.0,1,2.65,5.0,23.0,2,0,0,9.0,2.0,,,
387,VLGF,F8EM,65.0,2,,5.0,26.0,3,0,0,25.0,,21037.0,0.0,1.0
388,6X8I,F8EM,36.5,1,,16.0,16.3,12,0,0,9.0,,33562.0,0.0,1.0
389,6X8I,F8EM,103.8,4,,5.0,74.6,3,0,0,9.5,,13398.0,0.0,0.0
390,6X8I,F8EM,70.5,3,2.65,16.0,42.4,10,0,0,10.8,,36382.0,0.0,1.0
391,6X8I,F8EM,71.0,2,3.0,25.0,33.0,19,0,0,14.2,2.0,51468.0,0.0,1.0
392,6X8I,F8EM,41.3,2,2.55,5.0,,3,0,0,,,40806.0,1.0,0.0
393,2C87,EQUI,44.8,2,2.5,5.0,28.0,4,0,0,5.6,0.0,,,
394,6X8I,F8EM,37.0,1,,9.0,17.8,9,0,0,8.3,0.0,34517.0,1.0,3.0
395,W0ZR,F8EM,44.0,2,2.5,5.0,27.0,5,0,0,6.0,1.0,,,
396,6X8I,F8EM,43.0,2,,5.0,28.0,3,0,0,5.1,0.0,10989.0,0.0,0.0
397,6X8I,F8EM,54.0,2,,36.0,21.4,28,0,0,18.7,1.0,18732.0,0.0,3.0
398,6X8I,F8EM,79.3,2,3.0,8.0,43.1,5,0,0,17.6,,39393.0,1.0,0.0
399,6X8I,F8EM,65.3,3,2.5,9.0,42.7,4,0,0,9.9,,14908.0,2.0,0.0
400,YVBQ,F8EM,31.5,1,2.5,5.0,16.7,5,0,0,7.7,,45547.0,0.0,0.0
401,6X8I,F8EM,68.0,3,2.5,5.0,45.0,3,0,0,7.0,1.0,10809.0,1.0,1.0
402,6X8I,F8EM,55.0,3,,2.0,38.0,2,0,0,5.0,1.0,21399.0,0.0,1.0
403,6X8I,F8EM,45.0,2,,9.0,28.0,6,0,0,7.0,2.0,32193.0,0.0,0.0
404,6X8I,F8EM,81.2,3,,3.0,45.7,2,0,0,14.3,0.0,23128.0,0.0,3.0
405,187Y,IZIQ,65.0,2,2.75,25.0,35.0,5,0,0,13.0,1.0,,,
406,6X8I,F8EM,37.5,1,2.55,9.0,14.6,2,0,0,8.4,,32668.0,0.0,0.0
407,FMVZ,IZIQ,41.5,3,,5.0,29.6,5,0,0,5.3,0.0,18055.0,0.0,1.0
408,6X8I,F8EM,89.7,3,,23.0,47.0,14,0,0,16.5,0.0,22212.0,0.0,1.0
409,PJ2I,F8EM,73.0,3,,18.0,45.0,5,0,0,12.0,5.0,,,
410,6X8I,F8EM,72.0,2,2.75,21.0,35.0,15,0,0,18.0,2.0,43058.0,1.0,0.0
411,6X8I,F8EM,151.0,3,,8.0,85.0,3,0,0,23.0,1.0,33255.0,1.0,3.0
412,6X8I,F8EM,30.4,1,2.52,5.0,18.0,2,0,0,5.3,1.0,11940.0,0.0,1.0
413,6X8I,F8EM,37.0,1,2.7,16.0,18.5,2,0,0,10.0,,32969.0,1.0,2.0
414,6X8I,F8EM,41.41,1,,13.0,12.3,10,0,0,11.24,,35966.0,0.0,3.0
415,6X8I,F8EM,67.0,3,2.5,10.0,42.8,1,0,0,8.3,2.0,45510.0,1.0,0.0
416,6X8I,F8EM,52.0,2,,12.0,30.5,12,0,0,9.0,1.0,34636.0,0.0,0.0
417,6X8I,F8EM,178.0,5,3.3,4.0,126.6,2,0,0,19.4,,24287.0,0.0,3.0
418,6X8I,F8EM,30.0,1,2.6,5.0,17.0,3,0,0,5.5,,12810.0,0.0,0.0
419,VLGF,F8EM,38.0,1,,5.0,16.0,5,0,0,10.0,1.0,20562.0,0.0,1.0
420,6X8I,F8EM,38.5,1,2.7,25.0,18.0,7,0,0,10.2,1.0,42067.0,0.0,0.0
421,8HJY,F8EM,73.8,3,,5.0,,2,0,0,,,,,
422,MHKY,F8EM,55.2,3,2.5,5.0,38.5,5,0,0,4.5,,,,
423,FMVZ,IZIQ,41.0,1,2.6,10.0,18.7,9,0,0,10.7,,12003.0,0.0,0.0
424,6X8I,F8EM,98.0,3,2.65,3.0,88.0,3,0,0,,1.0,39363.0,0.0,0.0
425,6X8I,F8EM,58.7,2,2.75,23.0,32.7,9,0,0,11.8,2.0,22219.0,0.0,1.0
426,6X8I,F8EM,77.0,3,,5.0,40.0,3,0,0,13.3,,25019.0,2.0,0.0
427,6X8I,F8EM,38.7,1,,12.0,16.5,3,0,0,10.0,,19826.0,0.0,1.0
428,FJEG,F8EM,34.0,1,2.5,9.0,19.0,1,0,0,7.0,2.0,26920.0,1.0,1.0
429,6X8I,F8EM,57.0,3,,5.0,37.0,1,0,0,6.0,0.0,45487.0,0.0,0.0
430,6X8I,F8EM,60.6,3,2.55,9.0,44.0,6,0,0,7.0,1.0,14803.0,0.0,1.0
431,J2O7,F8EM,70.0,3,3.0,4.0,50.0,3,0,0,9.0,,,,
432,H8WO,F8EM,36.0,1,2.5,5.0,17.1,3,0,0,8.4,2.0,,,
433,6X8I,F8EM,57.8,3,2.8,5.0,33.7,4,0,0,9.7,,21545.0,1.0,2.0
434,187Y,IZIQ,43.99,2,,17.0,,15,0,0,,,,,
435,6X8I,F8EM,61.8,2,,19.0,34.2,3,0,0,10.6,4.0,30187.0,1.0,1.0
436,6X8I,F8EM,60.2,3,2.55,9.0,43.0,9,0,0,6.4,2.0,11361.0,0.0,0.0
437,YVBQ,F8EM,37.0,1,2.55,6.0,17.8,6,0,0,8.4,,46151.0,1.0,1.0
438,6X8I,F8EM,70.0,2,,12.0,,5,0,0,,,23756.0,1.0,1.0
439,VLGF,F8EM,72.0,3,3.0,6.0,42.0,4,0,0,10.0,,14691.0,0.0,0.0
440,6X8I,F8EM,27.11,0,,17.0,24.75,4,0,0,,2.0,38171.0,0.0,2.0
441,6X8I,F8EM,35.6,1,,10.0,17.0,9,0,0,7.0,1.0,17944.0,0.0,0.0
442,6X8I,F8EM,35.0,1,2.7,25.0,15.0,24,0,0,9.0,,43390.0,0.0,0.0
443,6X8I,F8EM,52.4,1,2.6,17.0,17.7,2,0,0,17.7,2.0,32127.0,0.0,0.0
444,6X8I,F8EM,47.5,2,2.7,9.0,28.0,5,0,0,8.0,2.0,32218.0,0.0,0.0
445,6X8I,F8EM,45.0,2,2.5,9.0,30.0,2,0,0,6.0,,19346.0,1.0,1.0
446,FJEG,F8EM,58.0,3,2.55,9.0,38.8,3,0,0,7.0,,25504.0,0.0,0.0
447,6X8I,F8EM,86.6,3,,13.0,,6,0,0,,,37412.0,1.0,2.0
448,6X8I,F8EM,58.0,3,2.5,9.0,35.0,5,0,0,6.2,2.0,50515.0,0.0,0.0
449,6X8I,F8EM,96.0,4,3.2,4.0,70.9,4,0,0,9.2,,22986.0,0.0,0.0
450,6X8I,F8EM,53.0,2,3.5,5.0,31.0,4,0,0,7.0,0.0,21397.0,1.0,2.0
451,6X8I,F8EM,42.0,1,,19.0,18.0,13,0,0,13.0,0.0,27472.0,1.0,1.0
452,0SI2,F8EM,42.0,2,,5.0,29.0,3,0,0,6.0,1.0,,,
453,6X8I,F8EM,54.7,3,2.5,5.0,37.7,1,0,0,5.1,0.0,16950.0,0.0,1.0
454,6X8I,F8EM,51.6,1,,10.0,12.7,10,0,0,23.1,2.0,23562.0,1.0,1.0
455,6X8I,F8EM,65.0,3,2.55,7.0,43.0,2,0,0,7.5,,28927.0,2.0,3.0
456,R9I0,F8EM,54.0,2,,5.0,30.0,1,0,0,8.6,0.0,,,
457,6X8I,F8EM,70.8,2,,,38.4,12,0,0,10.63,0.0,37364.0,2.0,2.0
458,4UT1,EQUI,106.0,5,,5.0,75.8,1,0,0,12.0,,,,
459,6X8I,F8EM,51.0,2,2.55,9.0,32.0,5,0,0,6.0,,48522.0,0.0,0.0
460,6X8I,F8EM,42.4,1,2.5,10.0,17.0,2,0,0,10.8,2.0,13492.0,0.0,0.0
461,6X8I,F8EM,59.0,3,2.5,9.0,38.5,7,0,0,7.0,2.0,49178.0,1.0,0.0
462,G6ON,F8EM,42.4,2,,4.0,26.5,4,0,0,5.3,1.0,,,
463,6X8I,F8EM,50.0,2,3.1,4.0,28.5,3,0,0,8.5,0.0,31662.0,2.0,2.0
464,6X8I,F8EM,280.3,6,5.2,8.0,159.5,7,0,0,21.1,0.0,26316.0,3.0,1.0
465,6X8I,F8EM,69.3,2,,5.0,34.0,4,0,0,11.33,1.0,47589.0,1.0,0.0
466,6X8I,F8EM,85.0,3,,20.0,,2,0,0,,,43269.0,1.0,0.0
467,6X8I,F8EM,69.0,2,2.64,17.0,34.6,1,0,0,14.0,,32796.0,1.0,0.0
468,6X8I,F8EM,41.6,1,2.7,17.0,16.5,12,0,0,11.7,1.0,17209.0,1.0,2.0
469,6X8I,F8EM,77.2,3,2.6,18.0,47.4,3,0,0,13.5,2.0,14861.0,0.0,0.0
470,6X8I,F8EM,33.5,1,2.7,18.0,17.3,2,0,0,8.6,1.0,16501.0,1.0,1.0
471,6X8I,F8EM,68.7,2,2.64,17.0,34.6,12,0,0,14.2,1.0,32796.0,1.0,0.0
472,6X8I,F8EM,62.7,3,2.55,10.0,,7,0,0,,,33813.0,0.0,1.0
473,6X8I,F8EM,48.2,2,,9.0,30.0,7,0,0,6.0,,32331.0,1.0,1.0
474,VLGF,F8EM,67.2,2,3.0,5.0,36.9,4,0,0,11.0,2.0,20138.0,0.0,0.0
475,6X8I,F8EM,103.2,3,,11.0,55.7,5,0,0,19.5,2.0,28399.0,2.0,3.0
476,W70Q,EL2E,28.3,1,,5.0,15.4,4,0,0,5.4,1.0,,,
477,6X8I,F8EM,40.9,1,,22.0,13.0,9,0,0,11.4,1.0,15377.0,0.0,1.0
478,FMVZ,IZIQ,43.8,2,2.5,5.0,28.4,1,0,0,5.0,,12104.0,0.0,0.0
479,6X8I,F8EM,118.3,4,2.78,20.0,60.0,7,0,0,16.5,5.0,42751.0,1.0,0.0
480,6X8I,F8EM,78.0,3,,5.0,54.0,3,0,0,8.0,1.0,21868.0,3.0,0.0
481,6X8I,F8EM,46.5,1,2.8,5.0,30.0,4,0,0,12.0,,24608.0,1.0,0.0
482,6X8I,F8EM,43.0,1,2.5,24.0,20.0,4,0,0,15.0,,11827.0,0.0,0.0
483,6X8I,F8EM,70.0,2,3.45,6.0,40.0,6,0,0,20.0,,23605.0,0.0,1.0
484,6X8I,F8EM,97.8,3,2.7,25.0,47.3,6,0,0,13.2,5.0,48669.0,0.0,0.0
485,6X8I,F8EM,70.4,3,2.8,6.0,41.8,2,0,0,10.5,,42996.0,1.0,0.0
486,6X8I,F8EM,73.0,2,,4.0,49.0,4,0,0,,0.0,20505.0,3.0,1.0
487,TPAR,IZIQ,65.4,3,2.5,5.0,49.3,2,0,0,5.1,,,,
488,8HJY,F8EM,50.5,2,2.52,5.0,28.1,4,0,0,7.8,,,,
489,3I7C,F8EM,45.0,2,2.5,5.0,30.0,1,0,0,5.5,,48492.0,0.0,0.0
490,FJEG,F8EM,31.4,1,2.5,14.0,16.1,6,0,0,7.0,,25612.0,0.0,0.0
491,6X8I,F8EM,66.1,3,2.75,11.0,43.6,5,0,0,17.2,1.0,33933.0,1.0,3.0
492,6X8I,F8EM,216.0,4,3.0,5.0,86.0,4,0,0,77.0,,21740.0,2.0,3.0
493,Y04Q,F8EM,35.0,1,2.75,9.0,15.0,8,0,0,10.0,1.0,,,
494,6X8I,F8EM,60.5,2,,18.0,29.8,10,0,0,13.8,1.0,42534.0,0.0,0.0
495,6X8I,F8EM,104.0,5,3.5,6.0,70.0,4,0,0,14.0,0.0,21773.0,1.0,1.0
496,6X8I,F8EM,136.2,4,3.0,6.0,99.5,5,0,0,10.2,,25997.0,1.0,1.0
497,6X8I,F8EM,60.7,2,2.77,25.0,34.1,8,0,0,12.3,,13594.0,0.0,0.0
498,6X8I,F8EM,55.15,2,,5.0,35.0,1,0,0,7.8,0.0,14620.0,0.0,0.0
499,VLGF,F8EM,77.7,2,,5.0,30.0,5,0,0,25.0,1.0,14066.0,1.0,0.0
